,summary
1.Cuz,
1Da Banton,
2 Black 2 Strong,
2 Chainz,
2 Cold Scorpio,
2 Tuff Tony,
2Baba,
2C (musician),
Mr 2Kay,
2Mex,
2Play,
2Rare,
2Rude,
2Shotz,
2wenty,
03 Greedo,
3Blue1Brown,
3D Na'Tee,
3LAU,
3robi,
4mat,
4th Disciple,
4th Pyramid,
6ix (record producer),
6ix9ine,
6lack,
The 6th Letter,
August 08 (rapper),
9ice,
9lokkNine,
9m88,
9MOTHER9HORSE9EYES9,
9th Prince,
0010x0010,
12 Gauge (rapper),
12th Planet (musician),
18yoman,
20syl,
21 Savage,
22Gz,
24hrs (rapper),
24kGoldn,
25K,
30 Roc,
38 Spesh,
40 (record producer),
40 Cal.,
40 Glocc,
42 Dugg,
The 45 King,
50 Cent,
60 Second Assassin (rapper),
070 Shake,
88-Keys,
88Camino,
100 Kila,
108 (artist),
220 Kid,
347aidan,
360 (rapper),
442oons,
808Melo,
826aska,
MC 900 Ft. Jesus,
911 (wrestler),
1788-L,
1987 (artist),
2562,
A Bu,
A K M Nazmul Hasan,
A Linn Yaung,
A Nyein Phyu,
A S M Ridwanur Rahman,
Olaxon A Tamba,
A Zin Latt,
A-1 (wrestler),
Moustapha Ngae A-Bissene,
A-do,
A-FÜ,
A-Kid,
A-Lee,
A-Lin,
A-Love,
A-Mei,
A-Plus (rapper),
A-Q,
A-Reece,
A-Trak,
DJ A-Tron,
A Ge,
A Hoàng,
A Mít,
A. C. H.,
A. F. M. Abdul Moyeen,
A. Q. A.,
A. V. Subramanian,
A.D.O.R.,
A.Girl,
A.L.T.,
A.Y. (musician),
Adel Hassan Al A'ali,
Neli A'asa,
Norbert A'Campo,
Brett a'Court,
Silulu A'etonu,
Kye A'Hern,
A'rese,
A'Salfo,
A'Whora,
A1one,
A7S,
Brynjar Aa,
Michel van der Aa,
Sandra van der Aa,
Terje Aa,
Aaajiao,
Aaamyyy,
Jaak Aab,
Vitalij Aab,
Kim Aabech,
Philip Aaberg,
Sean Aaberg,
Rayane Aabid,
Khalid El-Aabidi,
Hicham Aâboubou,
Harald Aabrekk,
Peter Aaby,
Dag Aabye,
Finn Aabye,
Kweku Aacht,
Thor Aackerlund,
Erik Aadahl,
Reda Aadel,
Aadhavan (anchor),
Aadi (actor),
Hyper Aadi,
Eivind Aadland,
Argo Aadli,
Erkki Aadli,
Steinar Aadnekvam,
Kristian Aadnevik,
Frank Aaen,
Gitte Aaen,
Gerard Aafjes,
Christine Aaftink,
Rolf Aagaard-Svendsen,
Torstein Aagaard-Nilsen,
Charlotte Aagaard,
Christian Aagaard,
Jacob Aagaard,
Jane Aagaard,
Julie Aagaard,
Kari Aagaard,
Lars Aagaard,
Mikkel Aagaard,
Rolf M. Aagaard,
Birgit Aagard-Svendsen,
Douglas C. Aagard,
Julie Dahle Aagård,
Frøy Aagre,
Aain Bahadur Shahi Thakuri,
Faouzi Aaish,
Isaako Aaitui,
Antonio Aakeel,
Anne van Aaken,
David Aaker,
Jedediah Aaker,
Jennifer Aaker,
Kim Fupz Aakeson,
Allan Aal,
Beth Aala,
Mohammad Shams Aalam Shaikh,
Shabab Aalam,
Umer Aalam,
Mikkel Aaland,
Per Knut Aaland,
Espen Aalberg,
John Aalberg (skier),
Karel Aalbers,
Mariann Aalda,
Henriëtte van Aalderen,
Steven Aalders,
Sobha Aale,
Knut Aalefjær,
Snoh Aalegra,
Odd Aalen,
Katrine Aalerud,
Frederik Aalestrup,
Janet Aalfs,
Ahmad Aali,
Aalias,
Hans Anton Aalien,
Maddi Aalla,
Anne Aallonen,
Roy van Aalst,
Wil van der Aalst,
Thomas van Aalten,
Panu Aaltio,
Antti Aalto,
Antti Aalto (ski jumper),
Arvo Aalto,
Ashprihanal Pekka Aalto,
Hanna-Katri Aalto,
Heikki Aalto,
Henri Aalto,
Iiro Aalto,
Jorma Aalto,
Jussi Aalto,
Jyri Aalto,
Kathryn Aalto,
Marja-Sisko Aalto,
Marjatta Aalto,
Minna Aalto,
Pauliina Aalto,
Pirjo Aalto,
Saara Aalto,
Simo Aalto,
Susanne Aalto,
Teemu Aalto,
Touko Aalto,
Elisa Aaltola,
Mika Aaltola,
Carina Aaltonen,
Jani Aaltonen,
Juhamatti Aaltonen,
Juhani Aaltonen,
Leevi Aaltonen,
Mika Aaltonen,
Mikael Aaltonen,
Miro Aaltonen,
Nico Aaltonen,
Patrick Aaltonen,
Rauno Aaltonen,
Remu Aaltonen,
Samuli Aaltonen,
Timo Aaltonen,
Veikko Aaltonen,
Christian Aalvik,
Marius Aam,
Aamani,
Abdelkader Aamara,
Jarle Aambø,
Ali Aamer,
Mohamed Aamer,
Shaker Aamer,
Willie Aames,
Hania Aamir,
Viive Aamisepp,
Hallvard Aamlid,
Bjørn Skogstad Aamo,
Aleksander Aamodt Kilde,
Kjetil André Aamodt,
Mike Aamodt,
Ragnhild Aamodt,
Rannveig Aamodt,
Kjell Aamot,
Rolf Aamot,
Awidhah Al-Aamri,
Khalid El Aamri,
Malou Aamund,
Alexander Aan,
Uno Aan,
Aanaahad,
Roger Aandalen,
Stål Aanderaa,
Mark Aanderud,
Gert Aandewiel,
Ismaël Aaneba,
Andreea Aanei,
Vic Aanensen,
Simen Aanerud,
Audrey Aanes,
Fritz Aanes,
Lene Aanes,
Nils Aaness,
Vegard Aanestad,
Cor van Aanholt,
Patrick van Aanholt,
Philipine van Aanholt,
Nabil Aankour,
Yashika Aannand,
Agnes Aanonsen,
Johan Aantjes,
Eerik Aps,
Mads Aaquist,
William Aar,
Aara (actress),
Jon Aaraas,
Olav Aaraas,
Naïm Aarab,
Bizhan Aarabi,
Parham Aarabi,
Aaradhna,
Osama El-Aarag,
Lamia El Aaraje,
Yahya Hussain Al-Aarashi,
Aarathi,
R Aaravin,
Jarle Aarbakke,
Magnus Aarbakke,
Torhild Aarbergsbotten,
Adnane Aarbia,
Maren Nyland Aardahl,
Karen Aardal,
Ott Aardam,
Max Aardema,
Willemien Aardenburg,
Pepijn Aardewijn,
David Aardsma,
Gerard J. M. van den Aardweg,
Mounir El Aarej,
Hillar Aarelaid,
Kai Aareleid,
Santokben Aarethiya,
Knut O. Aarethun,
Andreas Aarflot,
Aari Arujunan,
Eva Aariak,
Mika Ääritalo,
Kiur Aarma,
Olav Aarna,
Signy Aarna,
Tom Aage Aarnes,
Mikko Aarni,
Tuomo Aarnikka,
Antti Aarnio-Wihuri,
Eero Aarnio,
Henri Aarnio,
Jari Aarnio,
Tero Aarnio,
Doug Aarniokoski,
Selma Lønning Aarø,
Tor Hogne Aarøy,
Aarón (footballer),
Aaron Solo,
Aaron Wheeler (basketball),
Susan Aaron-Taylor,
Anne Aaron,
Ben Aaron,
Billye Aaron,
Blake Aaron,
Caroline Aaron,
Charles Aaron,
Chavela Aaron,
Chidinma Aaron,
Chuck Aaron,
Clarence Aaron,
Cynthia Aaron,
David L. Aaron,
George Aaron,
Henry J. Aaron,
Jane Aaron (educator),
Jason Aaron,
John Aaron,
Jonathan Aaron,
Jonne Aaron,
Lee Aaron,
Lil Aaron,
Madeline Aaron,
Manuel Aaron,
Max Aaron,
Quinton Aaron,
Rachel Aaron,
Robert Aaron,
Soazig Aaron,
Tim Aaron,
Tommy Aaron,
Varun Aaron,
Yogi Aaron,
Ann Kristin Aarønes,
Ben Aaronovitch,
David Aaronovitch,
Owen Aaronovitch,
Asa Aarons,
Bailey Aarons,
Bonnie Aarons,
Leon Aarons,
Mark Aarons,
Max Aarons,
Rolando Aarons,
Sarah Aarons,
Brenden Aaronson,
Kenny Aaronson,
Paxten Aaronson,
Scott Aaronson,
Stephanie Aaronson,
Stuart A. Aaronson,
Susan Ariel Aaronson,
Trevor Aaronson,
Jamale Aarrass,
Unn Aarrestad,
Eivind Aarset,
John-Ragnar Aarset,
Espen Aarseth,
Sverre Aarseth,
Bjarte Lunde Aarsheim,
Ebba Årsjö,
Dagfinn Aarskog (bobsleigh),
Hans Aarsleff,
Hans Aarsman,
Dennis van Aarssen,
Stian Aarstad,
Stephan Aarstol,
Ole Aarsvold,
Merry Aart,
Aarthi (actress),
Kari Aartoma,
Ulla Aartomaa,
Jake Aarts,
Kees Aarts,
Laura Aarts,
Maaike Aarts,
Marcel Aarts,
Roel Aarts,
Ronald Aarts,
Jozias van Aartsen,
Stefan Aartsen,
Thierry Aartsen,
Anders Aarum,
Jacob Aarup-Andersen,
Aaryan Krishna Menon,
Kartik Aaryan,
Erling Aas-Eng,
Astri Aas-Hansen,
Agnar Aas,
Alexander Aas,
Arto Aas,
Einar Jan Aas,
Jan Petter Aas,
Jo Sondre Aas,
Johan Aas,
Kätlin Aas,
Raimo Aas,
Rene Aas,
Sigrid Aas,
Syver Aas,
Taavi Aas,
Amanda Aasa,
John Aasand,
Christoffer Aasbak,
Fredric Aasbø,
Magnus Aasbrenn,
Unn Irene Aasdalen,
Daniel Aase,
Dennis Aase,
Don Aase,
Gunnar Aase,
Peter Aase,
Steinar Aase,
Torstein Andersen Aase,
Geir Ludvig Aasen Ouren,
Maria-Karine Aasen-Svensrud,
Arne Jørgen Aasen,
Frida Aasen,
Kristin Kloster Aasen,
Marianne Aasen,
Marius Aasen,
Morten Aasen,
Svein Aaser,
Hans Petter Aaserud,
Jan Aaseth,
Kåre Aasgaard,
Thelo Aasgaard,
Ahmed El Aash,
Arne Aasheim,
Tor André Skimmeland Aasheim,
Aashritha,
Aasiva,
P. Aasiyan,
Gunnar Aasland,
Øyvind Aasland,
Terje Aasland,
Tora Aasland,
Meelis Aasmäe,
Jans Aasman,
Stian Aasmundsen,
Håkon Aasnes,
Rigmor Aasrud,
J. M. H. Aassan Maulaana,
Arnstein Aassve,
Kristian Aasvold,
Najat Aatabou,
Abdelhak Aatkani,
Taban Sharifah Aate,
Aathmika,
Aatifi,
Abdisalam Aato,
V. K. Aatre,
Irja Aav,
Moonika Aava,
Uno Aava,
Urmo Aava,
Gholamreza Aavani,
Arvi Aavik,
Evald Aavik,
Priit Aavik,
Jaak Aaviksoo,
Behnaam Aazhang,
Abdulaziz Al-Aazmi,
Farhan Al-Aazmi,
